subdomain,sources
access.justeattakeaway.com,subfinder
analytics.api.justeattakeaway.com,subfinder
api-staging.justeattakeaway.com,subfinder
api.justeattakeaway.com,subfinder
beta.justeattakeaway.com,subfinder
betaq4.justeattakeaway.com,subfinder
brand.justeattakeaway.com,subfinder
careers.justeattakeaway.com,subfinder
click.connect.justeattakeaway.com,subfinder
click.ridewith.justeattakeaway.com,subfinder
cloud.connect.justeattakeaway.com,subfinder
cloud.ridewith.justeattakeaway.com,subfinder
connect.justeattakeaway.com,subfinder
corporate-sso.staging.justeattakeaway.com,subfinder
crm.staging.justeattakeaway.com,subfinder
dev.justeattakeaway.com,subfinder
easylogin.justeattakeaway.com,subfinder
efcportal-staging.justeattakeaway.com,subfinder
efcportal.justeattakeaway.com,subfinder
email.news.justeattakeaway.com,subfinder
email.pr.justeattakeaway.com,subfinder
emails.corporate.justeattakeaway.com,subfinder
enterpriseenrollment.justeattakeaway.com,subfinder
enterpriseregistration.justeattakeaway.com,subfinder
features.api.justeattakeaway.com,subfinder
image.connect.justeattakeaway.com,subfinder
image.ridewith.justeattakeaway.com,subfinder
just-eat-takeaway-bonus-scheme.justeattakeaway.com,subfinder
kitchen.justeattakeaway.com,subfinder
mta.connect.justeattakeaway.com,subfinder
mta.hello.justeattakeaway.com,subfinder
mta.ridewith.justeattakeaway.com,subfinder
mta10.connect.justeattakeaway.com,subfinder
mta10.hello.justeattakeaway.com,subfinder
mta11.connect.justeattakeaway.com,subfinder
mta11.hello.justeattakeaway.com,subfinder
mta12.connect.justeattakeaway.com,subfinder
mta12.hello.justeattakeaway.com,subfinder
mta13.connect.justeattakeaway.com,subfinder
mta13.hello.justeattakeaway.com,subfinder
mta14.connect.justeattakeaway.com,subfinder
mta15.connect.justeattakeaway.com,subfinder
mta16.connect.justeattakeaway.com,subfinder
mta17.connect.justeattakeaway.com,subfinder
mta18.connect.justeattakeaway.com,subfinder
mta19.connect.justeattakeaway.com,subfinder
mta2.connect.justeattakeaway.com,subfinder
mta2.hello.justeattakeaway.com,subfinder
mta20.connect.justeattakeaway.com,subfinder
mta21.connect.justeattakeaway.com,subfinder
mta22.connect.justeattakeaway.com,subfinder
mta23.connect.justeattakeaway.com,subfinder
mta24.connect.justeattakeaway.com,subfinder
mta25.connect.justeattakeaway.com,subfinder
mta26.connect.justeattakeaway.com,subfinder
mta27.connect.justeattakeaway.com,subfinder
mta28.connect.justeattakeaway.com,subfinder
mta29.connect.justeattakeaway.com,subfinder
mta3.connect.justeattakeaway.com,subfinder
mta3.hello.justeattakeaway.com,subfinder
mta30.connect.justeattakeaway.com,subfinder
mta31.connect.justeattakeaway.com,subfinder
mta32.connect.justeattakeaway.com,subfinder
mta33.connect.justeattakeaway.com,subfinder
mta34.connect.justeattakeaway.com,subfinder
mta35.connect.justeattakeaway.com,subfinder
mta36.connect.justeattakeaway.com,subfinder
mta37.connect.justeattakeaway.com,subfinder
mta38.connect.justeattakeaway.com,subfinder
mta4.connect.justeattakeaway.com,subfinder
mta4.hello.justeattakeaway.com,subfinder
mta5.connect.justeattakeaway.com,subfinder
mta5.hello.justeattakeaway.com,subfinder
mta6.connect.justeattakeaway.com,subfinder
mta6.hello.justeattakeaway.com,subfinder
mta7.connect.justeattakeaway.com,subfinder
mta7.hello.justeattakeaway.com,subfinder
mta8.connect.justeattakeaway.com,subfinder
mta8.hello.justeattakeaway.com,subfinder
mta9.connect.justeattakeaway.com,subfinder
mta9.hello.justeattakeaway.com,subfinder
newsroom.justeattakeaway.com,subfinder
nullcareers.justeattakeaway.com,subfinder
o875.ptr6046.jobalerts.justeattakeaway.com,subfinder
o876.ptr4355.careeralerts.justeattakeaway.com,subfinder
partner-hub.justeattakeaway.com,subfinder
pay.justeattakeaway.com,subfinder
rest.api.justeattakeaway.com,subfinder
ridewith.justeattakeaway.com,subfinder
rmp-staging.justeattakeaway.com,subfinder
rmp.justeattakeaway.com,subfinder
sg.api.justeattakeaway.com,subfinder
shop.justeattakeaway.com,subfinder
staging.justeattakeaway.com,subfinder
support.justeattakeaway.com,subfinder
tech.justeattakeaway.com,subfinder
techaway.justeattakeaway.com,subfinder
view.connect.justeattakeaway.com,subfinder
view.ridewith.justeattakeaway.com,subfinder
www.careers.justeattakeaway.com,subfinder
www.justeattakeaway.com,subfinder
www.tech.justeattakeaway.com,subfinder
